<persistence xmlns="http://java.sun.com/xml/ns/persistence"
             xmlns:xsi="http://www.w3.org/2001/XMLSchema-instance"
             xsi:schemaLocation="http://java.sun.com/xml/ns/persistence http://java.sun.com/xml/ns/persistence/persistence_2_0.xsd"
             version="2.0">

        <persistence-unit name="primePU" transaction-type="RESOURCE_LOCAL">
        <description>
            Persistence unit for the JPA tutorial of the Hibernate Getting Started Guide
        </description>
        <provider>org.hibernate.ejb.HibernatePersistence</provider>
        <exclude-unlisted-classes>false</exclude-unlisted-classes>
    
        <properties>
            <property name="javax.persistence.jdbc.driver" value="com.mysql.jdbc.Driver" />
            <property name="javax.persistence.jdbc.url" value="jdbc:mysql://localhost:3306/test" />
            <property name="javax.persistence.jdbc.user" value="root" />
            <property name="javax.persistence.jdbc.password" value="0000" />

            <property name="hibernate.dialect" value="org.hibernate.dialect.MySQLDialect" />
            <property name="hibernate.show_sql" value="true" />
            <property name="hibernate.hbm2ddl.auto" value="update" />
        </properties>

    </persistence-unit>

</persistence>