<?xml version="1.0" encoding="UTF-8"?>
<faces-config xmlns="http://xmlns.jcp.org/xml/ns/javaee"
	xmlns:xsi="http://www.w3.org/2001/XMLSchema-instance"
	xsi:schemaLocation="http://xmlns.jcp.org/xml/ns/javaee http://xmlns.jcp.org/xml/ns/javaee/web-facesconfig_2_3.xsd"
	version="2.3">
	<application>
		<locale-config>
			<supported-locale>en_US</supported-locale>
		</locale-config>
	</application>
	
	
	<navigation-rule>
		<from-view-id>/login.xhtml</from-view-id>
		<navigation-case>
			<from-outcome>admin</from-outcome>
			<to-view-id>/empleados/listaEmpleados.xhtml</to-view-id>
		</navigation-case>
	</navigation-rule>

	<navigation-rule>
		<from-view-id>/login.xhtml</from-view-id>
		<navigation-case>
			<from-outcome>login</from-outcome>
			<to-view-id>/login.xhtml</to-view-id>
		</navigation-case>
	</navigation-rule>
	<navigation-rule>
		<from-view-id>/reportes/reporteCsv.xhtml</from-view-id>
		<navigation-case>
			<from-outcome>verPagos</from-outcome>
			<to-view-id>/reportes/editarPagos.xhtml</to-view-id>
		</navigation-case>
	</navigation-rule>
	<navigation-rule>
		<from-view-id>/reportes/editarPagos.xhtml</from-view-id>
		<navigation-case>
			<from-outcome>verPagos</from-outcome>
			<to-view-id>/reportes/reporteCsv.xhtml</to-view-id>
		</navigation-case>
	</navigation-rule>
</faces-config>
